str_to_input_data(words, d)
str_to_input_data(words, d)
str_to_input_data(words, d)
str_to_input_data(words, d)
str_to_input_data(words, d)
str_to_input_data(words, d)
str_to_input_data(words, d)
str_to_input_data(words, d)
str_to_input_data(words, d)
str_to_input_data(words, d)
str_to_input_data(words, d)
str_to_input_data(words, d)
str_to_input_data(words, d)
str_to_input_data(words, d)
str_to_input_data(words, d)
str_to_input_data(words, d)
str_to_input_data(words, d)
str_to_input_data(words, d)
str_to_input_data(words, d)
str_to_input_data(words, d)
str_to_input_data(words, d)
str_to_input_data(words, d)
str_to_input_data(words, d)
str_to_input_data(words, d)
str_to_input_data(words, d)
str_to_input_data(words, d)
str_to_input_data(words, d)
str_to_input_data(words, d)
str_to_input_data(words, d)
str_to_input_data(words, d)
str_to_input_data(words, d)
str_to_input_data(words, d)
str_to_input_data(words, d)
str_to_input_data(words, d)
str_to_input_data(words, d)
str_to_input_data(words, d)
str_to_input_data(words, d)
str_to_input_data(words, d)
str_to_input_data(words, d)
str_to_input_data(words, d)
str_to_input_data(words, d)
str_to_input_data(words, d)
str_to_input_data(words, d)
str_to_input_data(words, d)
str_to_input_data(words, d)
str_to_input_data(words, d)
str_to_input_data(words, d)
str_to_input_data(words, d)
str_to_input_data(words, d)
str_to_input_data(words, d)
str_to_input_data(words, d)
str_to_input_data(words, d)
str_to_input_data(words, d)
str_to_input_data(words, d)
str_to_input_data(words, d)
str_to_input_data(words, d)
str_to_input_data(words, d)
str_to_input_data(words, d)
str_to_input_data(words, d)
str_to_input_data(words, d)
str_to_input_data(words, d)
str_to_input_data(words, d)
str_to_input_data(words, d)
str_to_input_data(words, d)
str_to_input_data(words, d)
str_to_input_data(words, d)
str_to_input_data(words, d)
str_to_input_data(words, d)
str_to_input_data(words, d)
str_to_input_data(words, d)
str_to_input_data(words, d)
str_to_input_data(words, d)
str_to_input_data(words, d)
str_to_input_data(words, d)
str_to_input_data(words, d)
str_to_input_data(words, d)
str_to_input_data(words, d)
str_to_input_data(words, d)
str_to_input_data(words, d)
str_to_input_data(words, d)
str_to_input_data(words, d)
str_to_input_data(words, d)
str_to_input_data(words, d)
str_to_input_data(words, d)
str_to_input_data(words, d)
str_to_input_data(words, d)
str_to_input_data(words, d)
str_to_input_data(words, d)
str_to_input_data(words, d)
str_to_input_data(words, d)
str_to_input_data(words, d)
str_to_input_data(words, d)
str_to_input_data(words, d)
str_to_input_data(words, d)
str_to_input_data(words, d)
str_to_input_data(words, d)
str_to_input_data(words, d)
str_to_input_data(words, d)
str_to_input_data(words, d)
str_to_input_data(words, d)
str_to_input_data(words, d)
str_to_input_data(words, d)
str_to_input_data(words, d)
str_to_input_data(words, d)
str_to_input_data(words, d)
str_to_input_data(words, d)
str_to_input_data(words, d)
str_to_input_data(words, d)
str_to_input_data(words, d)
str_to_input_data(words, d)
str_to_input_data(words, d)
str_to_input_data(words, d)
str_to_input_data(words, d)
str_to_input_data(words, d)
str_to_input_data(words, d)
str_to_input_data(words, d)
str_to_input_data(words, d)
str_to_input_data(words, d)
str_to_input_data(words, d)
str_to_input_data(words, d)
str_to_input_data(words, d)
str_to_input_data(words, d)
str_to_input_data(words, d)
str_to_input_data(words, d)
str_to_input_data(words, d)
str_to_input_data(words, d)
str_to_input_data(words, d)
str_to_input_data(words, d)
str_to_input_data(words, d)
str_to_input_data(words, d)
str_to_input_data(words, d)
str_to_input_data(words, d)
str_to_input_data(words, d)
str_to_input_data(words, d)
str_to_input_data(words, d)
str_to_input_data(words, d)
str_to_input_data(words, d)
str_to_input_data(words, d)
str_to_input_data(words, d)
str_to_input_data(words, d)
str_to_input_data(words, d)
str_to_input_data(words, d)
str_to_input_data(words, d)
str_to_input_data(words, d)
str_to_input_data(words, d)
str_to_input_data(words, d)
str_to_input_data(words, d)
str_to_input_data(words, d)
str_to_input_data(words, d)
str_to_input_data(words, d)
str_to_input_data(words, d)
str_to_input_data(words, d)
str_to_input_data(words, d)
str_to_input_data(words, d)
str_to_input_data(words, d)
str_to_input_data(words, d)
str_to_input_data(words, d)
str_to_input_data(words, d)
str_to_input_data(words, d)
str_to_input_data(words, d)
str_to_input_data(words, d)
str_to_input_data(words, d)
str_to_input_data(words, d)
str_to_input_data(words, d)
str_to_input_data(words, d)
str_to_input_data(words, d)
str_to_input_data(words, d)
str_to_input_data(words, d)
str_to_input_data(words, d)
str_to_input_data(words, d)
str_to_input_data(words, d)
str_to_input_data(words, d)
str_to_input_data(words, d)
str_to_input_data(words, d)
str_to_input_data(words, d)
str_to_input_data(words, d)
str_to_input_data(words, d)
str_to_input_data(words, d)
str_to_input_data(words, d)
str_to_input_data(words, d)
str_to_input_data(words, d)
str_to_input_data(words, d)
str_to_input_data(words, d)
str_to_input_data(words, d)
str_to_input_data(words, d)
str_to_input_data(words, d)
str_to_input_data(words, d)
str_to_input_data(words, d)
str_to_input_data(words, d)
str_to_input_data(words, d)
str_to_input_data(words, d)
str_to_input_data(words, d)
str_to_input_data(words, d)
str_to_input_data(words, d)
str_to_input_data(words, d)
str_to_input_data(words, d)
str_to_input_data(words, d)
str_to_input_data(words, d)
str_to_input_data(words, d)
str_to_input_data(words, d)
str_to_input_data(words, d)
str_to_input_data(words, d)
str_to_input_data(words, d)
str_to_input_data(words, d)
str_to_input_data(words, d)
str_to_input_data(words, d)
str_to_input_data(words, d)
str_to_input_data(words, d)
str_to_input_data(words, d)
str_to_input_data(words, d)
str_to_input_data(words, d)
str_to_input_data(words, d)
str_to_input_data(words, d)
str_to_input_data(words, d)
str_to_input_data(words, d)
str_to_input_data(words, d)
str_to_input_data(words, d)
str_to_input_data(words, d)
str_to_input_data(words, d)
str_to_input_data(words, d)
str_to_input_data(words, d)
str_to_input_data(words, d)
str_to_input_data(words, d)
str_to_input_data(words, d)
str_to_input_data(words, d)
str_to_input_data(words, d)
str_to_input_data(words, d)
str_to_input_data(words, d)
str_to_input_data(words, d)
str_to_input_data(words, d)
str_to_input_data(words, d)
str_to_input_data(words, d)
str_to_input_data(words, d)
str_to_input_data(words, d)
str_to_input_data(words, d)
str_to_input_data(words, d)
str_to_input_data(words, d)
str_to_input_data(words, d)
str_to_input_data(words, d)
str_to_input_data(words, d)
str_to_input_data(words, d)
str_to_input_data(words, d)
str_to_input_data(words, d)
str_to_input_data(words, d)
str_to_input_data(words, d)
str_to_input_data(words, d)
str_to_input_data(words, d)
str_to_input_data(words, d)
str_to_input_data(words, d)
str_to_input_data(words, d)
str_to_input_data(words, d)
str_to_input_data(words, d)
str_to_input_data(words, d)
str_to_input_data(words, d)
str_to_input_data(words, d)
str_to_input_data(words, d)
str_to_input_data(words, d)
str_to_input_data(words, d)
str_to_input_data(words, d)
str_to_input_data(words, d)
str_to_input_data(words, d)
str_to_input_data(words, d)
str_to_input_data(words, d)
str_to_input_data(words, d)
str_to_input_data(words, d)
str_to_input_data(words, d)
str_to_input_data(words, d)
str_to_input_data(words, d)
str_to_input_data(words, d)
str_to_input_data(words, d)
str_to_input_data(words, d)
str_to_input_data(words, d)
str_to_input_data(words, d)
str_to_input_data(words, d)
str_to_input_data(words, d)
str_to_input_data(words, d)
str_to_input_data(words, d)
str_to_input_data(words, d)
str_to_input_data(words, d)
str_to_input_data(words, d)
str_to_input_data(words, d)
str_to_input_data(words, d)
str_to_input_data(words, d)
str_to_input_data(words, d)
str_to_input_data(words, d)
str_to_input_data(words, d)
str_to_input_data(words, d)
str_to_input_data(words, d)
str_to_input_data(words, d)
str_to_input_data(words, d)
str_to_input_data(words, d)
str_to_input_data(words, d)
str_to_input_data(words, d)
str_to_input_data(words, d)
str_to_input_data(words, d)
str_to_input_data(words, d)
str_to_input_data(words, d)
str_to_input_data(words, d)
str_to_input_data(words, d)
str_to_input_data(words, d)
str_to_input_data(words, d)
str_to_input_data(words, d)
str_to_input_data(words, d)
str_to_input_data(words, d)
str_to_input_data(words, d)
str_to_input_data(words, d)
str_to_input_data(words, d)
str_to_input_data(words, d)
str_to_input_data(words, d)
str_to_input_data(words, d)
str_to_input_data(words, d)
str_to_input_data(words, d)
str_to_input_data(words, d)
str_to_input_data(words, d)
str_to_input_data(words, d)
str_to_input_data(words, d)
str_to_input_data(words, d)
str_to_input_data(words, d)
str_to_input_data(words, d)
str_to_input_data(words, d)
str_to_input_data(words, d)
str_to_input_data(words, d)
str_to_input_data(words, d)
str_to_input_data(words, d)
str_to_input_data(words, d)
str_to_input_data(words, d)
str_to_input_data(words, d)
str_to_input_data(words, d)
str_to_input_data(words, d)
str_to_input_data(words, d)
str_to_input_data(words, d)
str_to_input_data(words, d)
str_to_input_data(words, d)
str_to_input_data(words, d)
str_to_input_data(words, d)
str_to_input_data(words, d)
str_to_input_data(words, d)
str_to_input_data(words, d)
str_to_input_data(words, d)
str_to_input_data(words, d)
str_to_input_data(words, d)
str_to_input_data(words, d)
str_to_input_data(words, d)
str_to_input_data(words, d)
str_to_input_data(words, d)
str_to_input_data(words, d)
str_to_input_data(words, d)
str_to_input_data(words, d)
str_to_input_data(words, d)
str_to_input_data(words, d)
str_to_input_data(words, d)
str_to_input_data(words, d)
str_to_input_data(words, d)
str_to_input_data(words, d)
str_to_input_data(words, d)
str_to_input_data(words, d)
str_to_input_data(words, d)
str_to_input_data(words, d)
str_to_input_data(words, d)
str_to_input_data(words, d)
str_to_input_data(words, d)
str_to_input_data(words, d)
str_to_input_data(words, d)
str_to_input_data(words, d)
str_to_input_data(words, d)
str_to_input_data(words, d)
str_to_input_data(words, d)
str_to_input_data(words, d)
str_to_input_data(words, d)
str_to_input_data(words, d)
str_to_input_data(words, d)
str_to_input_data(words, d)
str_to_input_data(words, d)
str_to_input_data(words, d)
str_to_input_data(words, d)
str_to_input_data(words, d)
str_to_input_data(words, d)
str_to_input_data(words, d)
str_to_input_data(words, d)
str_to_input_data(words, d)
str_to_input_data(words, d)
str_to_input_data(words, d)
str_to_input_data(words, d)
str_to_input_data(words, d)
str_to_input_data(words, d)
str_to_input_data(words, d)
str_to_input_data(words, d)
str_to_input_data(words, d)
str_to_input_data(words, d)
str_to_input_data(words, d)
str_to_input_data(words, d)
str_to_input_data(words, d)
str_to_input_data(words, d)
str_to_input_data(words, d)
str_to_input_data(words, d)
str_to_input_data(words, d)
str_to_input_data(words, d)
str_to_input_data(words, d)
str_to_input_data(words, d)
str_to_input_data(words, d)
str_to_input_data(words, d)
str_to_input_data(words, d)
str_to_input_data(words, d)
str_to_input_data(words, d)
str_to_input_data(words, d)
str_to_input_data(words, d)
str_to_input_data(words, d)
str_to_input_data(words, d)
str_to_input_data(words, d)
str_to_input_data(words, d)
str_to_input_data(words, d)
str_to_input_data(words, d)
str_to_input_data(words, d)
str_to_input_data(words, d)
str_to_input_data(words, d)
str_to_input_data(words, d)
str_to_input_data(words, d)
str_to_input_data(words, d)
str_to_input_data(words, d)
str_to_input_data(words, d)
str_to_input_data(words, d)
str_to_input_data(words, d)
str_to_input_data(words, d)
str_to_input_data(words, d)
str_to_input_data(words, d)
str_to_input_data(words, d)
str_to_input_data(words, d)
str_to_input_data(words, d)
str_to_input_data(words, d)
str_to_input_data(words, d)
str_to_input_data(words, d)
str_to_input_data(words, d)
str_to_input_data(words, d)
str_to_input_data(words, d)
str_to_input_data(words, d)
str_to_input_data(words, d)
str_to_input_data(words, d)
str_to_input_data(words, d)
str_to_input_data(words, d)
str_to_input_data(words, d)
str_to_input_data(words, d)
str_to_input_data(words, d)
str_to_input_data(words, d)
str_to_input_data(words, d)
str_to_input_data(words, d)
str_to_input_data(words, d)
str_to_input_data(words, d)
str_to_input_data(words, d)
str_to_input_data(words, d)
str_to_input_data(words, d)
str_to_input_data(words, d)
str_to_input_data(words, d)
str_to_input_data(words, d)
str_to_input_data(words, d)
str_to_input_data(words, d)
str_to_input_data(words, d)
str_to_input_data(words, d)
str_to_input_data(words, d)
str_to_input_data(words, d)
str_to_input_data(words, d)
str_to_input_data(words, d)
str_to_input_data(words, d)
str_to_input_data(words, d)
str_to_input_data(words, d)
str_to_input_data(words, d)
str_to_input_data(words, d)
str_to_input_data(words, d)
str_to_input_data(words, d)
str_to_input_data(words, d)
str_to_input_data(words, d)
str_to_input_data(words, d)
str_to_input_data(words, d)
str_to_input_data(words, d)
str_to_input_data(words, d)
str_to_input_data(words, d)
str_to_input_data(words, d)
str_to_input_data(words, d)
str_to_input_data(words, d)
str_to_input_data(words, d)
str_to_input_data(words, d)
str_to_input_data(words, d)
str_to_input_data(words, d)
str_to_input_data(words, d)
str_to_input_data(words, d)
str_to_input_data(words, d)
str_to_input_data(words, d)
str_to_input_data(words, d)
str_to_input_data(words, d)
str_to_input_data(words, d)
str_to_input_data(words, d)
str_to_input_data(words, d)
str_to_input_data(words, d)
str_to_input_data(words, d)
str_to_input_data(words, d)
str_to_input_data(words, d)
str_to_input_data(words, d)
str_to_input_data(words, d)
str_to_input_data(words, d)
str_to_input_data(words, d)
str_to_input_data(words, d)
str_to_input_data(words, d)
str_to_input_data(words, d)
str_to_input_data(words, d)
str_to_input_data(words, d)
str_to_input_data(words, d)
str_to_input_data(words, d)
str_to_input_data(words, d)
str_to_input_data(words, d)
str_to_input_data(words, d)
str_to_input_data(words, d)
str_to_input_data(words, d)
str_to_input_data(words, d)
str_to_input_data(words, d)
str_to_input_data(words, d)
str_to_input_data(words, d)
str_to_input_data(words, d)
str_to_input_data(words, d)
str_to_input_data(words, d)
str_to_input_data(words, d)
str_to_input_data(words, d)
str_to_input_data(words, d)
str_to_input_data(words, d)
str_to_input_data(words, d)
str_to_input_data(words, d)
str_to_input_data(words, d)
str_to_input_data(words, d)
str_to_input_data(words, d)
str_to_input_data(words, d)
str_to_input_data(words, d)
str_to_input_data(words, d)
str_to_input_data(words, d)
str_to_input_data(words, d)
str_to_input_data(words, d)
str_to_input_data(words, d)
str_to_input_data(words, d)
str_to_input_data(words, d)
str_to_input_data(words, d)
str_to_input_data(words, d)
str_to_input_data(words, d)
str_to_input_data(words, d)
str_to_input_data(words, d)
str_to_input_data(words, d)
str_to_input_data(words, d)
str_to_input_data(words, d)
str_to_input_data(words, d)
str_to_input_data(words, d)
str_to_input_data(words, d)
str_to_input_data(words, d)
str_to_input_data(words, d)
str_to_input_data(words, d)
str_to_input_data(words, d)
str_to_input_data(words, d)
str_to_input_data(words, d)
str_to_input_data(words, d)
str_to_input_data(words, d)
str_to_input_data(words, d)
str_to_input_data(words, d)
str_to_input_data(words, d)
str_to_input_data(words, d)
str_to_input_data(words, d)
str_to_input_data(words, d)
str_to_input_data(words, d)
str_to_input_data(words, d)
str_to_input_data(words, d)
str_to_input_data(words, d)
str_to_input_data(words, d)
str_to_input_data(words, d)
str_to_input_data(words, d)
str_to_input_data(words, d)
str_to_input_data(words, d)
str_to_input_data(words, d)
str_to_input_data(words, d)
str_to_input_data(words, d)
str_to_input_data(words, d)
str_to_input_data(words, d)
str_to_input_data(words, d)
str_to_input_data(words, d)
str_to_input_data(words, d)
str_to_input_data(words, d)
str_to_input_data(words, d)
str_to_input_data(words, d)
str_to_input_data(words, d)
str_to_input_data(words, d)
str_to_input_data(words, d)
str_to_input_data(words, d)
str_to_input_data(words, d)
str_to_input_data(words, d)
str_to_input_data(words, d)
str_to_input_data(words, d)
str_to_input_data(words, d)
str_to_input_data(words, d)
str_to_input_data(words, d)
str_to_input_data(words, d)
str_to_input_data(words, d)
str_to_input_data(words, d)
str_to_input_data(words, d)
str_to_input_data(words, d)
str_to_input_data(words, d)
str_to_input_data(words, d)
str_to_input_data(words, d)
str_to_input_data(words, d)
str_to_input_data(words, d)
str_to_input_data(words, d)
str_to_input_data(words, d)
str_to_input_data(words, d)
str_to_input_data(words, d)
str_to_input_data(words, d)
str_to_input_data(words, d)
str_to_input_data(words, d)
str_to_input_data(words, d)
str_to_input_data(words, d)
str_to_input_data(words, d)
str_to_input_data(words, d)
str_to_input_data(words, d)
str_to_input_data(words, d)
str_to_input_data(words, d)
str_to_input_data(words, d)
str_to_input_data(words, d)
str_to_input_data(words, d)
str_to_input_data(words, d)
str_to_input_data(words, d)
str_to_input_data(words, d)
str_to_input_data(words, d)
str_to_input_data(words, d)
str_to_input_data(words, d)
str_to_input_data(words, d)
str_to_input_data(words, d)
str_to_input_data(words, d)
str_to_input_data(words, d)
str_to_input_data(words, d)
str_to_input_data(words, d)
str_to_input_data(words, d)
str_to_input_data(words, d)
str_to_input_data(words, d)
str_to_input_data(words, d)
str_to_input_data(words, d)
str_to_input_data(words, d)
str_to_input_data(words, d)
str_to_input_data(words, d)
str_to_input_data(words, d)
str_to_input_data(words, d)
str_to_input_data(words, d)
str_to_input_data(words, d)
str_to_input_data(words, d)
str_to_input_data(words, d)
str_to_input_data(words, d)
str_to_input_data(words, d)
str_to_input_data(words, d)
str_to_input_data(words, d)
str_to_input_data(words, d)
str_to_input_data(words, d)
str_to_input_data(words, d)
str_to_input_data(words, d)
str_to_input_data(words, d)
str_to_input_data(words, d)
str_to_input_data(words, d)
str_to_input_data(words, d)
str_to_input_data(words, d)
str_to_input_data(words, d)
str_to_input_data(words, d)
str_to_input_data(words, d)
str_to_input_data(words, d)
str_to_input_data(words, d)
str_to_input_data(words, d)
str_to_input_data(words, d)
str_to_input_data(words, d)
str_to_input_data(words, d)
str_to_input_data(words, d)
str_to_input_data(words, d)
str_to_input_data(words, d)
str_to_input_data(words, d)
str_to_input_data(words, d)
str_to_input_data(words, d)
str_to_input_data(words, d)
str_to_input_data(words, d)
str_to_input_data(words, d)
str_to_input_data(words, d)
str_to_input_data(words, d)
str_to_input_data(words, d)
str_to_input_data(words, d)
str_to_input_data(words, d)
str_to_input_data(words, d)
str_to_input_data(words, d)
str_to_input_data(words, d)
str_to_input_data(words, d)
str_to_input_data(words, d)
str_to_input_data(words, d)
str_to_input_data(words, d)
str_to_input_data(words, d)
str_to_input_data(words, d)
str_to_input_data(words, d)
str_to_input_data(words, d)
str_to_input_data(words, d)
str_to_input_data(words, d)
str_to_input_data(words, d)
str_to_input_data(words, d)
str_to_input_data(words, d)
str_to_input_data(words, d)
str_to_input_data(words, d)
str_to_input_data(words, d)
str_to_input_data(words, d)
str_to_input_data(words, d)
str_to_input_data(words, d)
str_to_input_data(words, d)
str_to_input_data(words, d)
str_to_input_data(words, d)
str_to_input_data(words, d)
str_to_input_data(words, d)
str_to_input_data(words, d)
str_to_input_data(words, d)
str_to_input_data(words, d)
str_to_input_data(words, d)
str_to_input_data(words, d)
str_to_input_data(words, d)
str_to_input_data(words, d)
str_to_input_data(words, d)
str_to_input_data(words, d)
str_to_input_data(words, d)
str_to_input_data(words, d)
str_to_input_data(words, d)
str_to_input_data(words, d)
str_to_input_data(words, d)
str_to_input_data(words, d)
str_to_input_data(words, d)
str_to_input_data(words, d)
str_to_input_data(words, d)
str_to_input_data(words, d)
str_to_input_data(words, d)
str_to_input_data(words, d)
str_to_input_data(words, d)
str_to_input_data(words, d)
str_to_input_data(words, d)
str_to_input_data(words, d)
str_to_input_data(words, d)
str_to_input_data(words, d)
str_to_input_data(words, d)
str_to_input_data(words, d)
str_to_input_data(words, d)
str_to_input_data(words, d)
str_to_input_data(words, d)
str_to_input_data(words, d)
str_to_input_data(words, d)
str_to_input_data(words, d)
str_to_input_data(words, d)
str_to_input_data(words, d)
str_to_input_data(words, d)
str_to_input_data(words, d)
str_to_input_data(words, d)
str_to_input_data(words, d)
str_to_input_data(words, d)
str_to_input_data(words, d)
str_to_input_data(words, d)
str_to_input_data(words, d)
str_to_input_data(words, d)
str_to_input_data(words, d)
str_to_input_data(words, d)
str_to_input_data(words, d)
str_to_input_data(words, d)
str_to_input_data(words, d)
str_to_input_data(words, d)
str_to_input_data(words, d)
str_to_input_data(words, d)
str_to_input_data(words, d)
str_to_input_data(words, d)
str_to_input_data(words, d)
str_to_input_data(words, d)
str_to_input_data(words, d)
str_to_input_data(words, d)
str_to_input_data(words, d)
str_to_input_data(words, d)
str_to_input_data(words, d)
str_to_input_data(words, d)
str_to_input_data(words, d)
str_to_input_data(words, d)
str_to_input_data(words, d)
str_to_input_data(words, d)
str_to_input_data(words, d)
str_to_input_data(words, d)
str_to_input_data(words, d)
str_to_input_data(words, d)
str_to_input_data(words, d)
str_to_input_data(words, d)
str_to_input_data(words, d)
str_to_input_data(words, d)
str_to_input_data(words, d)
str_to_input_data(words, d)
str_to_input_data(words, d)
str_to_input_data(words, d)
str_to_input_data(words, d)
str_to_input_data(words, d)
str_to_input_data(words, d)
str_to_input_data(words, d)
str_to_input_data(words, d)
str_to_input_data(words, d)
str_to_input_data(words, d)
str_to_input_data(words, d)
str_to_input_data(words, d)
str_to_input_data(words, d)
str_to_input_data(words, d)
str_to_input_data(words, d)
str_to_input_data(words, d)
str_to_input_data(words, d)
str_to_input_data(words, d)
str_to_input_data(words, d)
str_to_input_data(words, d)
str_to_input_data(words, d)
str_to_input_data(words, d)
str_to_input_data(words, d)
str_to_input_data(words, d)
str_to_input_data(words, d)
str_to_input_data(words, d)
str_to_input_data(words, d)
str_to_input_data(words, d)
str_to_input_data(words, d)
str_to_input_data(words, d)
str_to_input_data(words, d)
str_to_input_data(words, d)
str_to_input_data(words, d)
str_to_input_data(words, d)
str_to_input_data(words, d)
str_to_input_data(words, d)
str_to_input_data(words, d)
str_to_input_data(words, d)
str_to_input_data(words, d)
str_to_input_data(words, d)
str_to_input_data(words, d)
str_to_input_data(words, d)
str_to_input_data(words, d)
str_to_input_data(words, d)
str_to_input_data(words, d)
str_to_input_data(words, d)
str_to_input_data(words, d)
str_to_input_data(words, d)
str_to_input_data(words, d)
str_to_input_data(words, d)
str_to_input_data(words, d)
str_to_input_data(words, d)
str_to_input_data(words, d)
str_to_input_data(words, d)
str_to_input_data(words, d)
str_to_input_data(words, d)
str_to_input_data(words, d)
str_to_input_data(words, d)
str_to_input_data(words, d)
str_to_input_data(words, d)
str_to_input_data(words, d)
str_to_input_data(words, d)
str_to_input_data(words, d)
str_to_input_data(words, d)
str_to_input_data(words, d)
str_to_input_data(words, d)
str_to_input_data(words, d)
str_to_input_data(words, d)
str_to_input_data(words, d)
str_to_input_data(words, d)
str_to_input_data(words, d)
str_to_input_data(words, d)
str_to_input_data(words, d)
str_to_input_data(words, d)
str_to_input_data(words, d)
str_to_input_data(words, d)
str_to_input_data(words, d)
str_to_input_data(words, d)
str_to_input_data(words, d)
str_to_input_data(words, d)
str_to_input_data(words, d)
str_to_input_data(words, d)
str_to_input_data(words, d)
str_to_input_data(words, d)
str_to_input_data(words, d)
str_to_input_data(words, d)
str_to_input_data(words, d)
str_to_input_data(words, d)
str_to_input_data(words, d)
str_to_input_data(words, d)
str_to_input_data(words, d)
str_to_input_data(words, d)
str_to_input_data(words, d)
str_to_input_data(words, d)
str_to_input_data(words, d)
str_to_input_data(words, d)
str_to_input_data(words, d)
str_to_input_data(words, d)
str_to_input_data(words, d)
str_to_input_data(words, d)
str_to_input_data(words, d)
str_to_input_data(words, d)
str_to_input_data(words, d)
str_to_input_data(words, d)
str_to_input_data(words, d)
str_to_input_data(words, d)
str_to_input_data(words, d)
str_to_input_data(words, d)
str_to_input_data(words, d)
str_to_input_data(words, d)
str_to_input_data(words, d)
str_to_input_data(words, d)
str_to_input_data(words, d)
str_to_input_data(words, d)
str_to_input_data(words, d)
str_to_input_data(words, d)
str_to_input_data(words, d)
str_to_input_data(words, d)
str_to_input_data(words, d)
str_to_input_data(words, d)
str_to_input_data(words, d)
str_to_input_data(words, d)
str_to_input_data(words, d)
str_to_input_data(words, d)
str_to_input_data(words, d)
str_to_input_data(words, d)
str_to_input_data(words, d)
str_to_input_data(words, d)
str_to_input_data(words, d)
str_to_input_data(words, d)
str_to_input_data(words, d)
str_to_input_data(words, d)
str_to_input_data(words, d)
str_to_input_data(words, d)
str_to_input_data(words, d)
str_to_input_data(words, d)
str_to_input_data(words, d)
str_to_input_data(words, d)
str_to_input_data(words, d)
str_to_input_data(words, d)
str_to_input_data(words, d)
str_to_input_data(words, d)
str_to_input_data(words, d)
str_to_input_data(words, d)
str_to_input_data(words, d)
str_to_input_data(words, d)
str_to_input_data(words, d)
str_to_input_data(words, d)
str_to_input_data(words, d)
str_to_input_data(words, d)
str_to_input_data(words, d)
str_to_input_data(words, d)
str_to_input_data(words, d)
str_to_input_data(words, d)
str_to_input_data(words, d)
str_to_input_data(words, d)
str_to_input_data(words, d)
str_to_input_data(words, d)
str_to_input_data(words, d)
str_to_input_data(words, d)
str_to_input_data(words, d)
str_to_input_data(words, d)
str_to_input_data(words, d)
str_to_input_data(words, d)
str_to_input_data(words, d)
str_to_input_data(words, d)
str_to_input_data(words, d)
str_to_input_data(words, d)
str_to_input_data(words, d)
str_to_input_data(words, d)
str_to_input_data(words, d)
str_to_input_data(words, d)
str_to_input_data(words, d)
str_to_input_data(words, d)
str_to_input_data(words, d)
str_to_input_data(words, d)
str_to_input_data(words, d)
str_to_input_data(words, d)
str_to_input_data(words, d)
str_to_input_data(words, d)
str_to_input_data(words, d)
str_to_input_data(words, d)
str_to_input_data(words, d)
str_to_input_data(words, d)
str_to_input_data(words, d)
str_to_input_data(words, d)
str_to_input_data(words, d)
str_to_input_data(words, d)
str_to_input_data(words, d)
str_to_input_data(words, d)
str_to_input_data(words, d)
str_to_input_data(words, d)
str_to_input_data(words, d)
str_to_input_data(words, d)
str_to_input_data(words, d)
str_to_input_data(words, d)
str_to_input_data(words, d)
str_to_input_data(words, d)
str_to_input_data(words, d)
str_to_input_data(words, d)
str_to_input_data(words, d)
str_to_input_data(words, d)
str_to_input_data(words, d)
str_to_input_data(words, d)
str_to_input_data(words, d)
str_to_input_data(words, d)
str_to_input_data(words, d)
str_to_input_data(words, d)
str_to_input_data(words, d)
str_to_input_data(words, d)
str_to_input_data(words, d)
str_to_input_data(words, d)
str_to_input_data(words, d)
str_to_input_data(words, d)
str_to_input_data(words, d)
str_to_input_data(words, d)
str_to_input_data(words, d)
str_to_input_data(words, d)
str_to_input_data(words, d)
str_to_input_data(words, d)
str_to_input_data(words, d)
str_to_input_data(words, d)
str_to_input_data(words, d)
str_to_input_data(words, d)
str_to_input_data(words, d)
str_to_input_data(words, d)
str_to_input_data(words, d)
str_to_input_data(words, d)
str_to_input_data(words, d)
str_to_input_data(words, d)
str_to_input_data(words, d)
str_to_input_data(words, d)
str_to_input_data(words, d)
str_to_input_data(words, d)
str_to_input_data(words, d)
str_to_input_data(words, d)
str_to_input_data(words, d)
str_to_input_data(words, d)
str_to_input_data(words, d)
str_to_input_data(words, d)
str_to_input_data(words, d)
str_to_input_data(words, d)
str_to_input_data(words, d)
str_to_input_data(words, d)
str_to_input_data(words, d)
str_to_input_data(words, d)
str_to_input_data(words, d)
str_to_input_data(words, d)
str_to_input_data(words, d)
str_to_input_data(words, d)
str_to_input_data(words, d)
str_to_input_data(words, d)
str_to_input_data(words, d)
str_to_input_data(words, d)
str_to_input_data(words, d)
str_to_input_data(words, d)
str_to_input_data(words, d)
str_to_input_data(words, d)
str_to_input_data(words, d)
str_to_input_data(words, d)
str_to_input_data(words, d)
str_to_input_data(words, d)
str_to_input_data(words, d)
str_to_input_data(words, d)
str_to_input_data(words, d)
str_to_input_data(words, d)
str_to_input_data(words, d)
str_to_input_data(words, d)
str_to_input_data(words, d)
str_to_input_data(words, d)
str_to_input_data(words, d)
str_to_input_data(words, d)
str_to_input_data(words, d)
str_to_input_data(words, d)
str_to_input_data(words, d)
str_to_input_data(words, d)
str_to_input_data(words, d)
str_to_input_data(words, d)
str_to_input_data(words, d)
str_to_input_data(words, d)
str_to_input_data(words, d)
str_to_input_data(words, d)
str_to_input_data(words, d)
str_to_input_data(words, d)
str_to_input_data(words, d)
str_to_input_data(words, d)
str_to_input_data(words, d)
str_to_input_data(words, d)
str_to_input_data(words, d)
str_to_input_data(words, d)
str_to_input_data(words, d)
str_to_input_data(words, d)
str_to_input_data(words, d)
str_to_input_data(words, d)
str_to_input_data(words, d)
str_to_input_data(words, d)
str_to_input_data(words, d)
str_to_input_data(words, d)
str_to_input_data(words, d)
str_to_input_data(words, d)
str_to_input_data(words, d)
str_to_input_data(words, d)
str_to_input_data(words, d)
str_to_input_data(words, d)
str_to_input_data(words, d)
str_to_input_data(words, d)
str_to_input_data(words, d)
str_to_input_data(words, d)
str_to_input_data(words, d)
str_to_input_data(words, d)
str_to_input_data(words, d)
str_to_input_data(words, d)
str_to_input_data(words, d)
str_to_input_data(words, d)
str_to_input_data(words, d)
str_to_input_data(words, d)
str_to_input_data(words, d)
str_to_input_data(words, d)
str_to_input_data(words, d)
str_to_input_data(words, d)
str_to_input_data(words, d)
str_to_input_data(words, d)
str_to_input_data(words, d)
str_to_input_data(words, d)
str_to_input_data(words, d)
str_to_input_data(words, d)
str_to_input_data(words, d)
str_to_input_data(words, d)
str_to_input_data(words, d)
str_to_input_data(words, d)
str_to_input_data(words, d)
str_to_input_data(words, d)
str_to_input_data(words, d)
str_to_input_data(words, d)
str_to_input_data(words, d)
str_to_input_data(words, d)
str_to_input_data(words, d)
str_to_input_data(words, d)
str_to_input_data(words, d)
str_to_input_data(words, d)
str_to_input_data(words, d)
str_to_input_data(words, d)
str_to_input_data(words, d)
str_to_input_data(words, d)
str_to_input_data(words, d)
str_to_input_data(words, d)
str_to_input_data(words, d)
str_to_input_data(words, d)
str_to_input_data(words, d)
str_to_input_data(words, d)
str_to_input_data(words, d)
str_to_input_data(words, d)
str_to_input_data(words, d)
str_to_input_data(words, d)
str_to_input_data(words, d)
str_to_input_data(words, d)
str_to_input_data(words, d)
str_to_input_data(words, d)
str_to_input_data(words, d)
str_to_input_data(words, d)
str_to_input_data(words, d)
str_to_input_data(words, d)
str_to_input_data(words, d)
str_to_input_data(words, d)
str_to_input_data(words, d)
str_to_input_data(words, d)
str_to_input_data(words, d)
str_to_input_data(words, d)
str_to_input_data(words, d)
str_to_input_data(words, d)
str_to_input_data(words, d)
str_to_input_data(words, d)
str_to_input_data(words, d)
str_to_input_data(words, d)
str_to_input_data(words, d)
str_to_input_data(words, d)
str_to_input_data(words, d)
str_to_input_data(words, d)
str_to_input_data(words, d)
str_to_input_data(words, d)
str_to_input_data(words, d)
str_to_input_data(words, d)
str_to_input_data(words, d)
str_to_input_data(words, d)
str_to_input_data(words, d)
str_to_input_data(words, d)
str_to_input_data(words, d)
str_to_input_data(words, d)
str_to_input_data(words, d)
str_to_input_data(words, d)
str_to_input_data(words, d)
str_to_input_data(words, d)
str_to_input_data(words, d)
str_to_input_data(words, d)
str_to_input_data(words, d)
str_to_input_data(words, d)
str_to_input_data(words, d)
str_to_input_data(words, d)
str_to_input_data(words, d)
str_to_input_data(words, d)
str_to_input_data(words, d)
str_to_input_data(words, d)
str_to_input_data(words, d)
str_to_input_data(words, d)
str_to_input_data(words, d)
str_to_input_data(words, d)
str_to_input_data(words, d)
str_to_input_data(words, d)
str_to_input_data(words, d)
str_to_input_data(words, d)
str_to_input_data(words, d)
str_to_input_data(words, d)
str_to_input_data(words, d)
str_to_input_data(words, d)
str_to_input_data(words, d)
str_to_input_data(words, d)
str_to_input_data(words, d)
str_to_input_data(words, d)
str_to_input_data(words, d)
str_to_input_data(words, d)
str_to_input_data(words, d)
str_to_input_data(words, d)
str_to_input_data(words, d)
str_to_input_data(words, d)
str_to_input_data(words, d)
str_to_input_data(words, d)
str_to_input_data(words, d)
str_to_input_data(words, d)
str_to_input_data(words, d)
str_to_input_data(words, d)
str_to_input_data(words, d)
str_to_input_data(words, d)
str_to_input_data(words, d)
str_to_input_data(words, d)
str_to_input_data(words, d)
str_to_input_data(words, d)
str_to_input_data(words, d)
str_to_input_data(words, d)
str_to_input_data(words, d)
str_to_input_data(words, d)
str_to_input_data(words, d)
str_to_input_data(words, d)
str_to_input_data(words, d)
str_to_input_data(words, d)
str_to_input_data(words, d)
str_to_input_data(words, d)
str_to_input_data(words, d)
str_to_input_data(words, d)
str_to_input_data(words, d)
str_to_input_data(words, d)
str_to_input_data(words, d)
str_to_input_data(words, d)
str_to_input_data(words, d)
str_to_input_data(words, d)
str_to_input_data(words, d)
str_to_input_data(words, d)
str_to_input_data(words, d)
str_to_input_data(words, d)
str_to_input_data(words, d)
str_to_input_data(words, d)
str_to_input_data(words, d)
str_to_input_data(words, d)
str_to_input_data(words, d)
str_to_input_data(words, d)
str_to_input_data(words, d)
str_to_input_data(words, d)
str_to_input_data(words, d)
str_to_input_data(words, d)
str_to_input_data(words, d)
str_to_input_data(words, d)
str_to_input_data(words, d)
str_to_input_data(words, d)
str_to_input_data(words, d)
str_to_input_data(words, d)
str_to_input_data(words, d)
str_to_input_data(words, d)
str_to_input_data(words, d)
str_to_input_data(words, d)
str_to_input_data(words, d)
str_to_input_data(words, d)
str_to_input_data(words, d)
str_to_input_data(words, d)
str_to_input_data(words, d)
str_to_input_data(words, d)
str_to_input_data(words, d)
str_to_input_data(words, d)
str_to_input_data(words, d)
str_to_input_data(words, d)
str_to_input_data(words, d)
str_to_input_data(words, d)
str_to_input_data(words, d)
str_to_input_data(words, d)
str_to_input_data(words, d)
str_to_input_data(words, d)
str_to_input_data(words, d)
str_to_input_data(words, d)
str_to_input_data(words, d)
str_to_input_data(words, d)
str_to_input_data(words, d)
str_to_input_data(words, d)
str_to_input_data(words, d)
str_to_input_data(words, d)
str_to_input_data(words, d)
str_to_input_data(words, d)
str_to_input_data(words, d)
str_to_input_data(words, d)
str_to_input_data(words, d)
str_to_input_data(words, d)
str_to_input_data(words, d)
str_to_input_data(words, d)
str_to_input_data(words, d)
str_to_input_data(words, d)
str_to_input_data(words, d)
str_to_input_data(words, d)
str_to_input_data(words, d)
str_to_input_data(words, d)
str_to_input_data(words, d)
str_to_input_data(words, d)
str_to_input_data(words, d)
str_to_input_data(words, d)
str_to_input_data(words, d)
str_to_input_data(words, d)
str_to_input_data(words, d)
str_to_input_data(words, d)
str_to_input_data(words, d)
str_to_input_data(words, d)
str_to_input_data(words, d)
str_to_input_data(words, d)
str_to_input_data(words, d)
str_to_input_data(words, d)
str_to_input_data(words, d)
str_to_input_data(words, d)
str_to_input_data(words, d)
str_to_input_data(words, d)
str_to_input_data(words, d)
str_to_input_data(words, d)
str_to_input_data(words, d)
str_to_input_data(words, d)
str_to_input_data(words, d)
str_to_input_data(words, d)
str_to_input_data(words, d)
str_to_input_data(words, d)
str_to_input_data(words, d)
str_to_input_data(words, d)
str_to_input_data(words, d)
str_to_input_data(words, d)
str_to_input_data(words, d)
str_to_input_data(words, d)
str_to_input_data(words, d)
str_to_input_data(words, d)
str_to_input_data(words, d)
str_to_input_data(words, d)
str_to_input_data(words, d)
str_to_input_data(words, d)
str_to_input_data(words, d)
str_to_input_data(words, d)
str_to_input_data(words, d)
str_to_input_data(words, d)
str_to_input_data(words, d)
str_to_input_data(words, d)
str_to_input_data(words, d)
str_to_input_data(words, d)
str_to_input_data(words, d)
str_to_input_data(words, d)
str_to_input_data(words, d)
str_to_input_data(words, d)
str_to_input_data(words, d)
str_to_input_data(words, d)
str_to_input_data(words, d)
str_to_input_data(words, d)
str_to_input_data(words, d)
str_to_input_data(words, d)
str_to_input_data(words, d)
str_to_input_data(words, d)
str_to_input_data(words, d)
str_to_input_data(words, d)
str_to_input_data(words, d)
str_to_input_data(words, d)
str_to_input_data(words, d)
str_to_input_data(words, d)
str_to_input_data(words, d)
str_to_input_data(words, d)
str_to_input_data(words, d)
str_to_input_data(words, d)
str_to_input_data(words, d)
str_to_input_data(words, d)
str_to_input_data(words, d)
str_to_input_data(words, d)
str_to_input_data(words, d)
str_to_input_data(words, d)
str_to_input_data(words, d)
str_to_input_data(words, d)
str_to_input_data(words, d)
str_to_input_data(words, d)
str_to_input_data(words, d)
str_to_input_data(words, d)
str_to_input_data(words, d)
str_to_input_data(words, d)
str_to_input_data(words, d)
str_to_input_data(words, d)
str_to_input_data(words, d)
str_to_input_data(words, d)
str_to_input_data(words, d)
str_to_input_data(words, d)
str_to_input_data(words, d)
str_to_input_data(words, d)
str_to_input_data(words, d)
str_to_input_data(words, d)
str_to_input_data(words, d)
str_to_input_data(words, d)
str_to_input_data(words, d)
str_to_input_data(words, d)
str_to_input_data(words, d)
str_to_input_data(words, d)
str_to_input_data(words, d)
str_to_input_data(words, d)
str_to_input_data(words, d)
str_to_input_data(words, d)
str_to_input_data(words, d)
str_to_input_data(words, d)
str_to_input_data(words, d)
str_to_input_data(words, d)
str_to_input_data(words, d)
str_to_input_data(words, d)
str_to_input_data(words, d)
str_to_input_data(words, d)
str_to_input_data(words, d)
str_to_input_data(words, d)
str_to_input_data(words, d)
str_to_input_data(words, d)
str_to_input_data(words, d)
str_to_input_data(words, d)
str_to_input_data(words, d)
str_to_input_data(words, d)
str_to_input_data(words, d)
str_to_input_data(words, d)
str_to_input_data(words, d)
str_to_input_data(words, d)
str_to_input_data(words, d)
str_to_input_data(words, d)
str_to_input_data(words, d)
str_to_input_data(words, d)
str_to_input_data(words, d)
str_to_input_data(words, d)
str_to_input_data(words, d)
str_to_input_data(words, d)
str_to_input_data(words, d)
str_to_input_data(words, d)
str_to_input_data(words, d)
str_to_input_data(words, d)
str_to_input_data(words, d)
str_to_input_data(words, d)
str_to_input_data(words, d)
str_to_input_data(words, d)
str_to_input_data(words, d)
str_to_input_data(words, d)
str_to_input_data(words, d)
str_to_input_data(words, d)
str_to_input_data(words, d)
str_to_input_data(words, d)
str_to_input_data(words, d)
str_to_input_data(words, d)
str_to_input_data(words, d)
str_to_input_data(words, d)
str_to_input_data(words, d)
str_to_input_data(words, d)
str_to_input_data(words, d)
str_to_input_data(words, d)
str_to_input_data(words, d)
str_to_input_data(words, d)
str_to_input_data(words, d)
str_to_input_data(words, d)
str_to_input_data(words, d)
str_to_input_data(words, d)
str_to_input_data(words, d)
str_to_input_data(words, d)
str_to_input_data(words, d)
str_to_input_data(words, d)
str_to_input_data(words, d)
str_to_input_data(words, d)
str_to_input_data(words, d)
str_to_input_data(words, d)
str_to_input_data(words, d)
str_to_input_data(words, d)
str_to_input_data(words, d)
str_to_input_data(words, d)
str_to_input_data(words, d)
str_to_input_data(words, d)
str_to_input_data(words, d)
str_to_input_data(words, d)
str_to_input_data(words, d)
str_to_input_data(words, d)
str_to_input_data(words, d)
str_to_input_data(words, d)
str_to_input_data(words, d)
str_to_input_data(words, d)
str_to_input_data(words, d)
str_to_input_data(words, d)
str_to_input_data(words, d)
str_to_input_data(words, d)
str_to_input_data(words, d)
str_to_input_data(words, d)
str_to_input_data(words, d)
str_to_input_data(words, d)
str_to_input_data(words, d)
str_to_input_data(words, d)
str_to_input_data(words, d)
str_to_input_data(words, d)
str_to_input_data(words, d)
str_to_input_data(words, d)
str_to_input_data(words, d)
str_to_input_data(words, d)
str_to_input_data(words, d)
str_to_input_data(words, d)
str_to_input_data(words, d)
str_to_input_data(words, d)
str_to_input_data(words, d)
str_to_input_data(words, d)
str_to_input_data(words, d)
str_to_input_data(words, d)
str_to_input_data(words, d)
str_to_input_data(words, d)
str_to_input_data(words, d)
str_to_input_data(words, d)
str_to_input_data(words, d)
str_to_input_data(words, d)
str_to_input_data(words, d)
str_to_input_data(words, d)
str_to_input_data(words, d)
str_to_input_data(words, d)
str_to_input_data(words, d)
str_to_input_data(words, d)
str_to_input_data(words, d)
str_to_input_data(words, d)
str_to_input_data(words, d)
str_to_input_data(words, d)
str_to_input_data(words, d)
str_to_input_data(words, d)
str_to_input_data(words, d)
str_to_input_data(words, d)
str_to_input_data(words, d)
str_to_input_data(words, d)
str_to_input_data(words, d)
str_to_input_data(words, d)
str_to_input_data(words, d)
str_to_input_data(words, d)
str_to_input_data(words, d)
str_to_input_data(words, d)
str_to_input_data(words, d)
str_to_input_data(words, d)
str_to_input_data(words, d)
str_to_input_data(words, d)
str_to_input_data(words, d)
str_to_input_data(words, d)
str_to_input_data(words, d)
str_to_input_data(words, d)
str_to_input_data(words, d)
str_to_input_data(words, d)
str_to_input_data(words, d)
str_to_input_data(words, d)
str_to_input_data(words, d)
str_to_input_data(words, d)
str_to_input_data(words, d)
str_to_input_data(words, d)
str_to_input_data(words, d)
str_to_input_data(words, d)
str_to_input_data(words, d)
str_to_input_data(words, d)
str_to_input_data(words, d)
str_to_input_data(words, d)
str_to_input_data(words, d)
str_to_input_data(words, d)
str_to_input_data(words, d)
str_to_input_data(words, d)
str_to_input_data(words, d)
str_to_input_data(words, d)
str_to_input_data(words, d)
str_to_input_data(words, d)
str_to_input_data(words, d)
str_to_input_data(words, d)
str_to_input_data(words, d)
str_to_input_data(words, d)
str_to_input_data(words, d)
str_to_input_data(words, d)
str_to_input_data(words, d)
str_to_input_data(words, d)
str_to_input_data(words, d)
str_to_input_data(words, d)
str_to_input_data(words, d)
str_to_input_data(words, d)
str_to_input_data(words, d)
str_to_input_data(words, d)
str_to_input_data(words, d)
str_to_input_data(words, d)
str_to_input_data(words, d)
str_to_input_data(words, d)
str_to_input_data(words, d)
str_to_input_data(words, d)
str_to_input_data(words, d)
str_to_input_data(words, d)
str_to_input_data(words, d)
str_to_input_data(words, d)
str_to_input_data(words, d)
str_to_input_data(words, d)
str_to_input_data(words, d)
str_to_input_data(words, d)
str_to_input_data(words, d)
str_to_input_data(words, d)
str_to_input_data(words, d)
str_to_input_data(words, d)
str_to_input_data(words, d)
str_to_input_data(words, d)
str_to_input_data(words, d)
str_to_input_data(words, d)
str_to_input_data(words, d)
str_to_input_data(words, d)
str_to_input_data(words, d)
str_to_input_data(words, d)
str_to_input_data(words, d)
str_to_input_data(words, d)
str_to_input_data(words, d)
str_to_input_data(words, d)
str_to_input_data(words, d)
str_to_input_data(words, d)
str_to_input_data(words, d)
str_to_input_data(words, d)
str_to_input_data(words, d)
str_to_input_data(words, d)
str_to_input_data(words, d)
str_to_input_data(words, d)
str_to_input_data(words, d)
str_to_input_data(words, d)
str_to_input_data(words, d)
str_to_input_data(words, d)
str_to_input_data(words, d)
str_to_input_data(words, d)
str_to_input_data(words, d)
str_to_input_data(words, d)
str_to_input_data(words, d)
str_to_input_data(words, d)
str_to_input_data(words, d)
str_to_input_data(words, d)
str_to_input_data(words, d)
str_to_input_data(words, d)
str_to_input_data(words, d)
str_to_input_data(words, d)
str_to_input_data(words, d)
str_to_input_data(words, d)
str_to_input_data(words, d)
str_to_input_data(words, d)
str_to_input_data(words, d)
str_to_input_data(words, d)
str_to_input_data(words, d)
str_to_input_data(words, d)
str_to_input_data(words, d)
str_to_input_data(words, d)
str_to_input_data(words, d)
str_to_input_data(words, d)
str_to_input_data(words, d)
str_to_input_data(words, d)
str_to_input_data(words, d)
str_to_input_data(words, d)
str_to_input_data(words, d)
str_to_input_data(words, d)
str_to_input_data(words, d)
str_to_input_data(words, d)
str_to_input_data(words, d)
str_to_input_data(words, d)
str_to_input_data(words, d)
str_to_input_data(words, d)
str_to_input_data(words, d)
str_to_input_data(words, d)
str_to_input_data(words, d)
str_to_input_data(words, d)
str_to_input_data(words, d)
str_to_input_data(words, d)
str_to_input_data(words, d)
str_to_input_data(words, d)
str_to_input_data(words, d)
str_to_input_data(words, d)
str_to_input_data(words, d)
str_to_input_data(words, d)
str_to_input_data(words, d)
str_to_input_data(words, d)
str_to_input_data(words, d)
str_to_input_data(words, d)
str_to_input_data(words, d)
str_to_input_data(words, d)
str_to_input_data(words, d)
str_to_input_data(words, d)
str_to_input_data(words, d)
str_to_input_data(words, d)
str_to_input_data(words, d)
str_to_input_data(words, d)
str_to_input_data(words, d)
str_to_input_data(words, d)
str_to_input_data(words, d)
str_to_input_data(words, d)
str_to_input_data(words, d)
str_to_input_data(words, d)
str_to_input_data(words, d)
str_to_input_data(words, d)
str_to_input_data(words, d)
str_to_input_data(words, d)
str_to_input_data(words, d)
str_to_input_data(words, d)
str_to_input_data(words, d)
str_to_input_data(words, d)
str_to_input_data(words, d)
str_to_input_data(words, d)
str_to_input_data(words, d)
str_to_input_data(words, d)
str_to_input_data(words, d)
str_to_input_data(words, d)
str_to_input_data(words, d)
str_to_input_data(words, d)
str_to_input_data(words, d)
str_to_input_data(words, d)
str_to_input_data(words, d)
str_to_input_data(words, d)
str_to_input_data(words, d)
str_to_input_data(words, d)
str_to_input_data(words, d)
str_to_input_data(words, d)
str_to_input_data(words, d)
str_to_input_data(words, d)
str_to_input_data(words, d)
str_to_input_data(words, d)
str_to_input_data(words, d)
str_to_input_data(words, d)
str_to_input_data(words, d)
str_to_input_data(words, d)
str_to_input_data(words, d)
str_to_input_data(words, d)
str_to_input_data(words, d)
str_to_input_data(words, d)
str_to_input_data(words, d)
str_to_input_data(words, d)
str_to_input_data(words, d)
str_to_input_data(words, d)
str_to_input_data(words, d)
str_to_input_data(words, d)
str_to_input_data(words, d)
str_to_input_data(words, d)
str_to_input_data(words, d)
str_to_input_data(words, d)
str_to_input_data(words, d)
str_to_input_data(words, d)
str_to_input_data(words, d)
str_to_input_data(words, d)
str_to_input_data(words, d)
str_to_input_data(words, d)
str_to_input_data(words, d)
str_to_input_data(words, d)
str_to_input_data(words, d)
str_to_input_data(words, d)
str_to_input_data(words, d)
str_to_input_data(words, d)
str_to_input_data(words, d)
str_to_input_data(words, d)
str_to_input_data(words, d)
str_to_input_data(words, d)
str_to_input_data(words, d)
str_to_input_data(words, d)
str_to_input_data(words, d)
str_to_input_data(words, d)
str_to_input_data(words, d)
str_to_input_data(words, d)
str_to_input_data(words, d)
str_to_input_data(words, d)
str_to_input_data(words, d)
str_to_input_data(words, d)
str_to_input_data(words, d)
str_to_input_data(words, d)
str_to_input_data(words, d)
str_to_input_data(words, d)
str_to_input_data(words, d)
str_to_input_data(words, d)
str_to_input_data(words, d)
str_to_input_data(words, d)
str_to_input_data(words, d)
str_to_input_data(words, d)
str_to_input_data(words, d)
str_to_input_data(words, d)
str_to_input_data(words, d)
str_to_input_data(words, d)
str_to_input_data(words, d)
str_to_input_data(words, d)
str_to_input_data(words, d)
str_to_input_data(words, d)
str_to_input_data(words, d)
str_to_input_data(words, d)
str_to_input_data(words, d)
str_to_input_data(words, d)
str_to_input_data(words, d)
str_to_input_data(words, d)
str_to_input_data(words, d)
str_to_input_data(words, d)
str_to_input_data(words, d)
str_to_input_data(words, d)
str_to_input_data(words, d)
str_to_input_data(words, d)
str_to_input_data(words, d)
str_to_input_data(words, d)
str_to_input_data(words, d)
str_to_input_data(words, d)
str_to_input_data(words, d)
str_to_input_data(words, d)
str_to_input_data(words, d)
str_to_input_data(words, d)
str_to_input_data(words, d)
str_to_input_data(words, d)
str_to_input_data(words, d)
str_to_input_data(words, d)
str_to_input_data(words, d)
str_to_input_data(words, d)
str_to_input_data(words, d)
str_to_input_data(words, d)
str_to_input_data(words, d)
str_to_input_data(words, d)
str_to_input_data(words, d)
str_to_input_data(words, d)
str_to_input_data(words, d)
str_to_input_data(words, d)
str_to_input_data(words, d)
str_to_input_data(words, d)
str_to_input_data(words, d)
str_to_input_data(words, d)
str_to_input_data(words, d)
str_to_input_data(words, d)
str_to_input_data(words, d)
str_to_input_data(words, d)
str_to_input_data(words, d)
str_to_input_data(words, d)
str_to_input_data(words, d)
str_to_input_data(words, d)
str_to_input_data(words, d)
str_to_input_data(words, d)
str_to_input_data(words, d)
str_to_input_data(words, d)
str_to_input_data(words, d)
str_to_input_data(words, d)
str_to_input_data(words, d)
str_to_input_data(words, d)
str_to_input_data(words, d)
str_to_input_data(words, d)
str_to_input_data(words, d)
str_to_input_data(words, d)
str_to_input_data(words, d)
str_to_input_data(words, d)
str_to_input_data(words, d)
str_to_input_data(words, d)
str_to_input_data(words, d)
str_to_input_data(words, d)
str_to_input_data(words, d)
str_to_input_data(words, d)
str_to_input_data(words, d)
str_to_input_data(words, d)
str_to_input_data(words, d)
str_to_input_data(words, d)
str_to_input_data(words, d)
str_to_input_data(words, d)
str_to_input_data(words, d)
str_to_input_data(words, d)
str_to_input_data(words, d)
str_to_input_data(words, d)
str_to_input_data(words, d)
str_to_input_data(words, d)
str_to_input_data(words, d)
str_to_input_data(words, d)
str_to_input_data(words, d)
str_to_input_data(words, d)
str_to_input_data(words, d)
str_to_input_data(words, d)
str_to_input_data(words, d)
